id,name,hazardous
3463175,(2009 LW2),True
3471663,(2009 UQ),True
3704265,(2015 BS4),True
2352102,352102 (2007 AG12),True
54239841,(2022 BH1),True
54217969,(2021 VS6),True
2143649,143649 (2003 QQ47),True
2263976,263976 (2009 KD5),True
3351222,(2006 UO),True
2512234,512234 (2015 VO66),True
2170086,170086 (2002 XR14),True
2196625,196625 (2003 RM10),True
2141432,141432 (2002 CQ11),True
2303450,303450 (2005 BY2),True
2420210,420210 (2011 HF),True
3483513,(2009 XT6),True
3467355,(2009 SW17),True
2419624,419624 (2010 SO16),True
2264993,264993 (2003 DX10),True
3445538,(2009 BE81),True
3275514,(2005 GJ8),True
3610024,(2012 TY52),True
2522684,522684 (2016 JP),True
3842777,(2019 LZ1),True
2088254,88254 (2001 FM129),True
54178641,(2021 NT14),True
2422787,422787 (2001 WS1),True
3781344,(2017 RV),True
3359278,(2006 WJ3),True
3290808,(2005 RC34),True
3758257,(2016 QJ44),True
2144898,144898 (2004 VD17),True
3141522,(2002 UK11),True
3661509,(2014 CU13),True
54049356,(2020 OP3),True
3632675,(2013 EV108),True
2196068,196068 (2002 TW55),True
2363790,363790 (2005 JE46),True
2255071,255071 (2005 UH6),True
54016235,(2020 FR1),True
2373135,373135 (2011 SD173),True
3177204,(2004 FW1),True
3771064,(2017 ED4),True
3046125,(2000 QV7),True
3893739,(2019 WJ5),True
3758927,(2016 RN1),True
2216115,216115 (2006 SU19),True
3766499,(2017 AN19),True
2277570,277570 (2005 YP180),True
3836731,(2018 WE3),True
3726014,(2015 PR228),True
2458122,458122 (2010 EW45),True
2509821,509821 (2008 WQ63),True
3714452,(2015 FQ117),True
3359270,(2006 WT1),True
2085236,85236 (1993 KH),True
2004450,4450 Pan (1987 SY),True
2503861,503861 (1998 WZ1),True
54203006,(2021 SZ4),True
3713991,(2015 FF35),True
3350634,(2006 TA8),True
2357024,357024 (1999 YR14),True
54199511,(2021 RR23),True
3781023,(2017 QW17),True
3441089,(2008 XN),True
3407608,(2008 FW5),True
2085989,85989 (1999 JD6),True
2306383,306383 (1993 VD),True
2415713,415713 (1998 XX2),True
2613726,613726 (2007 EF),True
2162422,162422 (2000 EV70),True
3715906,(2015 GZ13),True
3763621,(2016 VS5),True
3743606,(2016 CW193),True
2364136,364136 (2006 CJ),True
2089959,89959 (2002 NT7),True
54065904,(2020 TU5),True
2302169,302169 (2001 TD45),True
54017258,(2020 KK5),True
3256324,(2004 TG10),True
3754438,(2016 NG15),True
3455137,(2009 FU23),True
54097968,(2020 XP),True
3552661,(2010 WZ8),True
2375103,375103 (2007 TD71),True
2138524,138524 (2000 OJ8),True
3614397,(2012 UU136),True
3397856,(2007 XK11),True
2414287,414287 (2008 OB9),True
2488515,488515 (2001 FE90),True
3693057,(2014 TW32),True
3514551,(2010 FC81),True
3670102,(2014 HV177),True
3736659,(2015 XK351),True
3251713,(2004 RF84),True
3645384,(2013 PV13),True
3557843,(2011 DV),True
2163051,163051 (2001 YJ4),True
3513382,(2010 FF10),True
3114075,(2002 DO3),True
2462550,462550 (2009 CB3),True
3767037,(2017 BD29),True
2496860,496860 (1999 XL136),True
2005604,5604 (1992 FE),True
2267494,267494 (2002 JB9),True
2488453,488453 (1994 XD),True
3836888,(2018 XY3),True
3663955,(2014 EG45),True
2350751,350751 (2002 AW),True
3681964,(2014 PS59),True
2523664,523664 (2012 OD1),True
3837522,(2018 YJ2),True
2052760,52760 (1998 ML14),True
3840850,(2019 GT3),True
2445974,445974 (2013 BJ18),True
2212546,212546 (2006 SV19),True
2136617,136617 (1994 CC),True
3076784,(2001 HL31),True
2447755,447755 (2007 JX2),True
2483989,483989 (2006 CY10),True
2192559,192559 (1998 VO),True
3430309,(2008 TC4),True
3893738,(2019 VG6),True
2285263,285263 (1998 QE2),True
2164121,164121 (2003 YT1),True
2490354,490354 (2009 FF19),True
3384068,(2007 RV9),True
3989346,(2020 BB15),True
2003361,3361 Orpheus (1982 HR),True
2496817,496817 (1989 VB),True
3623580,(2013 AS27),True
3837989,(2019 BG2),True
3837652,(2019 AW4),True
3134277,(2002 QW47),True
3645993,(2013 QR1),True
3371669,(2007 FF1),True
2297300,297300 (1998 SC15),True
2369264,369264 (2009 MS),True
2382825,382825 (2003 XB22),True
3893736,(2019 WD5),True
3599862,(2012 DE31),True
3739061,(2015 YY9),True
3591722,(2011 YJ28),True
3466069,(2009 QJ9),True
2533671,533671 (2014 LJ21),True
3297378,(2005 UT64),True
3697798,(2014 WZ120),True
3605890,(2012 MS4),True
3460260,(2009 KK),True
2451157,451157 (2009 SQ104),True
2585310,585310 (2017 YZ1),True
2388945,388945 (2008 TZ3),True
2483560,483560 (2004 BV1),True
3724392,(2015 OC22),True
2612267,612267 (2001 SG286),True
3552655,(2010 WV8),True
2399457,399457 (2002 PD43),True
3797696,(2018 AJ12),True
2016960,16960 (1998 QS52),True
3699478,(2014 WV363),True
2004015,4015 Wilson-Harrington (1979 VA),True
2417871,417871 (2007 MB24),True
3544935,(2010 PW58),True
3723951,(2015 NJ3),True
3329278,(2006 GB),True
3177223,(2004 FJ11),True
2297274,297274 (1996 SK),True
3774612,(2017 JF3),True
2206378,206378 (2003 RB),True
3703080,(2014 YW34),True
2141851,141851 (2002 PM6),True
2612342,612342 (2002 FC),True
54206538,(2021 TA8),True
3756949,(2016 PF8),True
2504680,504680 (2009 EO2),True
3989182,(2020 BC8),True
3009026,(1996 JA1),True
3843061,(2019 NA),True
2428209,428209 (2006 VC),True
3837926,(2019 BK),True
2189040,189040 (2000 MU1),True
3671119,(2014 JS54),True
2152680,152680 (1998 KJ9),True
2465824,465824 (2010 FR),True
54051093,(2020 PS4),True
3278078,(2005 JU81),True
3772396,(2017 FE65),True
3582137,(2011 UG20),True
3802062,(2018 FS3),True
3698847,(2014 WT202),True
3595774,(2012 AA11),True
3721907,(2015 MW53),True
3843615,(2019 QD2),True
2141053,141053 (2001 XT1),True
3170212,(2003 YP1),True
3028805,(2000 CM33),True
2163373,163373 (2002 PZ39),True
3699903,(2014 WR367),True
3275203,(2005 FE3),True
54065895,(2020 TH5),True
3368861,(2007 DY40),True
3674578,(2014 NB52),True
3564724,(2011 JD1),True
2267729,267729 (2003 FC5),True
2363505,363505 (2003 UC20),True
2152978,152978 (2000 GJ147),True
3634847,(2013 GA80),True
3767250,(2017 BS31),True
3019083,(1999 GL4),True
2494999,494999 (2010 JU39),True
2068216,68216 (2001 CV26),True
3255980,(2004 TP1),True
2523788,523788 (2015 FP118),True
2152671,152671 (1998 HL3),True
3709602,(2015 BK515),True
3672960,(2014 KP84),True
2101869,101869 (1999 MM),True
3398140,(2007 YB2),True
2194006,194006 (2001 SG10),True
3710160,(2015 CX12),True
2310442,310442 (2000 CH59),True
3621620,(2012 YO1),True
3399581,(2008 AZ30),True
2161989,161989 Cacus (1978 CA),True
2164211,164211 (2004 JA27),True
54213634,(2021 UM5),True
3825515,(2018 NC),True
2419880,419880 (2011 AH37),True
54235430,(2022 AK),True
2002340,2340 Hathor (1976 UA),True
3696441,(2014 WD7),True
3730731,(2015 TK238),True
2483432,483432 (2001 DF47),True
3445668,(2009 CC3),True
54049909,(2010 CJ188),True
3441171,(2008 XW2),True
54217964,(2021 VO6),True
3754386,(2016 NV),True
3672669,(2014 KZ45),True
54097969,(2020 XR),True
2089958,89958 (2002 LY45),True
3771619,(2017 FE1),True
3562866,(2011 GS60),True
3025766,(2000 AA6),True
3843879,(2019 SH),True
2483423,483423 (2000 DO1),True
3550042,(2010 UY6),True
3562322,(2011 GM44),True
3825481,(2018 MY6),True
3557486,(2011 CY46),True
3638466,(2013 JR28),True
54239541,(2022 BA),True
3390107,(2007 UL12),True
3644047,(2013 LM31),True
3012399,(1994 EK),True
3638629,(2013 KZ1),True
2276033,276033 (2002 AJ129),True
3989301,(2020 BP13),True
3791289,(2017 XL2),True
3070541,(2001 EC),True
3757572,(2016 NL56),True
2531060,531060 (2012 DJ61),True
2260141,260141 (2004 QT24),True
3780696,(2017 PV26),True
3553283,(2010 XC25),True
2523820,523820 (2011 GN44),True
2513489,513489 (2009 EV),True
3557957,(2011 DS9),True
2215588,215588 (2003 HF2),True
2089830,89830 (2002 CE),True
3386864,(2007 SQ6),True
3251889,(2004 RY109),True
2214869,214869 (2007 PA8),True
3724987,(2015 PM),True
3703166,(2014 YS34),True
3572227,(2011 OA),True
3392310,(2007 VN3),True
3728857,(2015 SY16),True
2385252,385252 (2001 EB18),True
3457840,(2009 HA21),True
3712625,(2015 DC200),True
3707698,(2015 BN311),True
54180389,(2010 BV132),True
2497117,497117 (2004 FU4),True
2416195,416195 (2002 TR190),True
3673133,(2014 KV86),True
3335424,(2006 LK),True
3842870,(2019 LX4),True
2612536,612536 (2003 AA3),True
2226514,226514 (2003 UX34),True
2523814,523814 (2008 WN2),True
3753640,(2016 KR3),True
3483055,(2009 XV),True
3605577,(2012 LZ1),True
3461189,(2009 KE3),True
3701883,(2014 XL7),True
3756758,(2016 OK1),True
3788903,(2017 VD),True
3797448,(2018 AE2),True
3124996,(2002 JX8),True
2199145,199145 (2005 YY128),True
2523654,523654 (2011 SR5),True
2406213,406213 (2007 AB2),True
54017686,(2020 MZ3),True
54167166,(2021 NL2),True
54170851,(2021 NM8),True
3781250,(2017 QL33),True
3441820,(2008 YF),True
3114014,(2002 CY9),True
2162120,162120 (1998 SH36),True
3758274,(2016 QC45),True
54216374,(2021 VB4),True
2612780,612780 (2004 MD),True
3337561,(2006 ON1),True
3388312,(2007 TR24),True
2465633,465633 (2009 JR5),True
3592225,(2012 AD3),True
3423200,(2008 PK3),True
3102752,(2002 AC9),True
2477162,477162 (2009 ES),True
3608326,(2012 QE50),True
2480808,480808 (1994 XL1),True
3838259,(2019 CC5),True
2476601,476601 (2008 SE85),True
3843371,(2019 OR1),True
3394543,(2007 VM184),True
3656789,(2014 BX2),True
54017545,(2020 LG2),True
3071769,(2001 FB90),True
2612380,612380 (2002 PF43),True
3022974,(1999 TT16),True
3711779,(2015 DH155),True
2452302,452302 (1995 YR1),True
3740934,(2016 BD15),True
3805267,(2018 HQ),True
3780640,(2017 PR25),True
54000956,(2020 DC3),True
2308635,308635 (2005 YU55),True
3693163,(2014 TY33),True
3127412,(2002 MX),True
3776858,(2017 OA),True
3735539,(2015 WG9),True
3082923,(2001 SQ3),True
2523609,523609 (2005 PJ2),True
2342866,342866 (2008 YU32),True
3448993,(2009 DM45),True
54222424,(2021 VR27),True
3522155,(2010 JE88),True
54055026,(2020 TT),True
3031184,(2000 EU70),True
54051100,(2020 PY4),True
3678629,(2014 OM339),True
3365953,(2007 AC2),True
3015695,(1998 WB2),True
2462959,462959 (2011 DU),True
3183851,(2004 LY5),True
3709286,(2002 LX64),True
2453707,453707 (2010 XY72),True
3552292,(2010 RF181),True
2053319,53319 (1999 JM8),True
2458116,458116 (2010 DA),True
3035252,(2000 KA),True
2006489,6489 Golevka (1991 JX),True
2068347,68347 (2001 KB67),True
3720769,(2015 KH157),True
3736502,(2015 XK261),True
2065803,65803 Didymos (1996 GT),True
3170204,(2003 YS17),True
3745899,(2016 EL56),True
3714454,(2015 FS117),True
3352549,(2006 UQ17),True
2471241,471241 (2011 BX18),True
3418111,(2008 NQ3),True
54195861,(2021 RW9),True
2363599,363599 (2004 FG11),True
54161861,(2021 MK1),True
3555165,(2011 AT26),True
3736806,(2015 XU378),True
3152318,(2003 GR22),True
3994618,(2020 DP2),True
3620863,(2012 XA133),True
2360191,360191 (1988 TA),True
3884025,(2019 UO9),True
3841531,(2019 HN),True
2439313,439313 (2012 VE82),True
54016362,(2020 FX4),True
3557487,(2011 CB50),True
3471590,(2009 TK12),True
3010679,(1997 QK1),True
2450263,450263 (2003 WD158),True
2186844,186844 (2004 GA1),True
54244194,(2022 BH7),True
3305002,(2005 WY55),True
54054565,(2020 SE3),True
2418416,418416 (2008 LV16),True
3508127,(2010 CN44),True
2144900,144900 (2004 VG64),True
3462015,(2009 KK8),True
3404768,(2008 EE5),True
2005011,5011 Ptah (6743 P-L),True
3843612,(2019 QY1),True
2194268,194268 (2001 UY4),True
2363027,363027 (1998 ST27),True
3341129,(2006 RZ),True
2231937,231937 (2001 FO32),True
3717040,(2015 HB10),True
2065717,65717 (1993 BX3),True
54104895,(2020 XK7),True
3444275,(2009 AE16),True
3842757,(2019 LG1),True
2244977,244977 (2004 BE68),True
2485652,485652 (2011 WO41),True
2171576,171576 (1999 VP11),True
3529599,(2010 LZ63),True
54101718,(2020 YC3),True
2363734,363734 (2004 XN50),True
3826834,(2018 PL23),True
3046122,(2000 PP9),True
3428344,(2008 SY148),True
2163243,163243 (2002 FB3),True
2363116,363116 (2001 GQ2),True
3714488,(2015 FN118),True
2387746,387746 (2003 MH4),True
2551685,551685 (2013 HT15),True
3645192,(2013 ND24),True
3802421,(2018 GJ1),True
2612989,612989 (2005 LW39),True
2482796,482796 (2013 QJ10),True
3989317,(2020 BF14),True
3157028,(2003 MK4),True
3827151,(2018 RB),True
2518678,518678 (2008 UZ94),True
2138127,138127 (2000 EE14),True
3378131,(2007 KG7),True
2251346,251346 (2007 SJ),True
2612050,612050 (1997 GL3),True
3165472,(2003 VE1),True
54110458,(2021 CJ2),True
2143992,143992 (2004 AF),True
2163026,163026 (2001 XR30),True
3274302,(2005 EW169),True
3651198,(2013 TV135),True
3013664,(1998 QA62),True
3616695,(2012 VL6),True
3631824,(2013 ED28),True
3028804,(2000 BO28),True
3835509,(2018 UC2),True
2267337,267337 (2001 VK5),True
3606308,(2012 OP4),True
3152323,(2003 GP51),True
3675019,(2014 OT111),True
3381347,(2007 PR25),True
2269690,269690 (1996 RG3),True
2004183,4183 Cuno (1959 LM),True
3409624,(2008 HH),True
3295790,(2005 UR),True
3472299,(2009 UY17),True
2456938,456938 (2007 YV56),True
3680936,(2014 OJ392),True
2466130,466130 (2012 FZ23),True
3788048,(2017 UX5),True
3558375,(2011 EL11),True
2468910,468910 (2014 KQ76),True
2333578,333578 (2006 KM103),True
3131063,(2002 NY40),True
3789080,(2017 VV),True
3329371,(2006 GC1),True
2455176,455176 (1999 VF22),True
3825831,(2018 OB1),True
3180149,(2004 HD2),True
3284923,(2005 OX),True
2007341,7341 (1991 VK),True
3843589,(2019 QX),True
3673168,(2014 KB91),True
2391211,391211 (2006 HZ51),True
3843155,(2019 NY2),True
2436329,436329 (2010 GX62),True
2434677,434677 (2006 BZ7),True
2412983,412983 (1996 FO3),True
2330233,330233 (2006 KV86),True
2505657,505657 (2014 SR339),True
2371660,371660 (2007 CN26),True
2152828,152828 (1999 VT25),True
3726513,(2015 QO3),True
2417816,417816 (2007 FA),True
3432688,(2008 UU1),True
3321493,(2006 CU),True
2413260,413260 (2003 TL4),True
2363305,363305 (2002 NV16),True
3330155,(2006 HV5),True
2468468,468468 (2004 KH17),True
2090416,90416 (2003 YK118),True
3879231,(2019 UO),True
2368565,368565 (2004 FE5),True
3648203,(2013 RZ73),True
3801936,(2018 EH4),True
54054747,(2020 TF),True
2516454,516454 (2005 FN4),True
3624742,(2013 BD18),True
3765705,(2016 XC18),True
2090403,90403 (2003 YE45),True
2467351,467351 (2003 KO2),True
3384067,(2007 RU9),True
3137865,(2002 TB70),True
3092419,(2001 VB),True
3752780,(2016 JW5),True
2434096,434096 (2002 GO5),True
3159886,(2003 RS1),True
3763276,(2016 VC1),True
3667127,(2014 GE35),True
2484506,484506 (2008 ER7),True
3736679,(2015 XE352),True
3568319,(2011 MU),True
2031669,31669 (1999 JT6),True
2004179,4179 Toutatis (1989 AC),True
2612143,612143 (2000 BO28),True
3467085,(2009 RV1),True
3710245,(2015 CZ13),True
3120885,(2002 GM5),True
2152664,152664 (1998 FW4),True
3249141,(2004 PJ2),True
3669253,(2014 HQ124),True
3399920,(2008 AK33),True
2612356,612356 (2002 JX8),True
3789679,(2017 WC15),True
3102683,(2001 XX4),True
3776300,(2017 NK),True
54235476,(2022 AH1),True
3740926,(2016 BV14),True
3369614,(2007 DS84),True
2250680,250680 (2005 QC5),True
2477465,477465 (2009 XZ1),True
2446791,446791 (1998 SJ70),True
3315647,(2006 CF),True
3580963,(2011 TK),True
2163348,163348 (2002 NN4),True
3412755,(2008 KV2),True
2312070,312070 (2007 TA19),True
2325395,325395 (2009 CQ5),True
2012538,12538 (1998 OH),True
3719473,(2015 KB19),True
2439437,439437 (2013 NK4),True
3022970,(1999 SG10),True
2163132,163132 (2002 CU11),True
3656788,(2014 BW2),True
3454735,(2009 FY4),True
3771452,(2017 ER13),True
3599930,(2012 CA55),True
54053719,(2020 RB),True
2529668,529668 (2010 JL33),True
54235471,(2022 AC1),True
3475238,(2009 VZ),True
2606441,606441 (2017 YT5),True
2483508,483508 (2003 CR1),True
2317255,317255 (2002 DJ5),True
54053727,(2020 RG),True
2525356,525356 (2005 BG14),True
3341200,(2006 RK1),True
2612326,612326 (2002 CD14),True
2418094,418094 (2007 WV4),True
3838082,(2019 BF5),True
2003671,3671 Dionysus (1984 KD),True
3775248,(2017 MC),True
3739217,(2016 AL8),True
2452376,452376 (2002 AC5),True
2482250,482250 (2011 LL2),True
2480820,480820 (1998 VF32),True
2509191,509191 (2006 OC5),True
3648317,(2013 RJ74),True
3802447,(2018 GG2),True
3669248,(2014 HE124),True
3744155,(2016 CR247),True
2357022,357022 (1999 YG3),True
3485260,(2010 AF30),True
3761034,(2016 TA57),True
3550889,(2010 SC41),True
3392084,(2007 VG),True
3330683,(2006 HT30),True
2154590,154590 (2003 MA3),True
2292220,292220 (2006 SU49),True
2365424,365424 (2010 KX7),True
2228368,228368 (2000 WK10),True
2450894,450894 (2008 BT18),True
3427522,(2008 SR1),True
2138727,138727 (2000 SU180),True
3467148,(2009 RZ3),True
2418849,418849 (2008 WM64),True
3740928,(2016 BZ14),True
54142826,(2021 HC3),True
54239715,(2022 BJ),True
2277475,277475 (2005 WK4),True
2053789,53789 (2000 ED104),True
2436774,436774 (2012 KY3),True
54216372,(2021 VW3),True
3441149,(2008 XQ2),True
54184708,(2021 PC9),True
2494697,494697 (2004 SW55),True
54091633,(2020 WP1),True
3160737,(2003 SK84),True
2523813,523813 (2008 VB1),True
3689271,(2014 SS1),True
3414394,(2008 MP1),True
3574344,(2011 OV18),True
54222425,(2021 WD),True
2474231,474231 (2001 HZ7),True
3736776,(2015 XW377),True
2518810,518810 (2010 CF19),True
3549694,(2010 TX168),True
3646734,(2013 QC11),True
3383904,(2007 RF2),True
2422686,422686 (2000 AC6),True
3427986,(2008 SJ82),True
3653916,(2013 WT44),True
54017438,(2020 LG1),True
2535844,535844 (2015 BY310),True
3739011,(2015 YU7),True
2434196,434196 (2003 HG2),True
3646046,(2013 QU1),True
54178640,(2021 PH2),True
2267131,267131 (2000 EK26),True
2026663,26663 (2000 XK47),True
3024714,(1999 XK136),True
3739316,(2016 AA10),True
3798967,(2018 BD6),True
2140039,140039 (2001 SO73),True
3802120,(2018 FO5),True
3653970,(2013 WT45),True
54017195,(2020 KN3),True
2475534,475534 (2006 TS7),True
2162567,162567 (2000 RW37),True
54114200,(2021 CW4),True
3781911,(2017 SL17),True
2168318,168318 (1989 DA),True
2614134,614134 (2008 TC4),True
2533011,533011 (2014 AY28),True
3762886,(2016 UF101),True
3597095,(2012 BB124),True
3423022,(2008 ON13),True
2380981,380981 (2006 SU131),True
54075550,(2020 UF2),True
3644046,(2013 LN31),True
3703003,(2014 YL14),True
2294739,294739 (2008 CM),True
2100085,100085 (1992 UY4),True
3553704,(2010 XA68),True
54226796,(2021 XG2),True
3928734,(2019 XK3),True
3387458,(2007 TH1),True
2451370,451370 (2011 AK5),True
2506732,506732 (2006 VW2),True
3743605,(2016 CU193),True
3645200,(2013 OD4),True
2516154,516154 (2016 CL32),True
2141495,141495 (2002 EZ11),True
3838130,(2019 CT1),True
2311066,311066 (2004 DC),True
3718828,(2015 HX176),True
3666411,(2014 EQ49),True
3147555,(2003 BR47),True
54154697,(2021 LD1),True
3279432,(2005 LW3),True
2411165,411165 (2010 DF1),True
3551067,(2010 VD72),True
2430544,430544 (2002 GM2),True
54016330,(2020 FR3),True
3755345,(2016 NG33),True
3553169,(2010 XC15),True
2484402,484402 (2007 XH16),True
3092474,(2001 VC2),True
3423762,(2008 PJ9),True
3014117,(1998 SL36),True
3256319,(2004 TB10),True
3799720,(2018 DH1),True
3014110,(1998 SU4),True
3147553,(2003 BK47),True
3989074,(2020 BJ4),True
54147407,(2021 KT1),True
2455184,455184 (2000 ED14),True
3337992,(2006 PA1),True
2358744,358744 (2008 CR118),True
3334817,(2006 KY86),True
3825756,(2018 NY14),True
2471240,471240 (2011 BT15),True
3672561,(2014 KS40),True
2053550,53550 (2000 BF19),True
2281375,281375 (2008 JV19),True
2496005,496005 (2007 XJ16),True
3555162,(2011 AM24),True
54017454,(2020 LM1),True
2065909,65909 (1998 FH12),True
2530974,530974 (2012 BN11),True
3132521,(2002 PF43),True
54006017,(2020 DM4),True
3013045,(1998 HH49),True
3766635,(2017 BL3),True
2220839,220839 (2004 VA),True
3721220,(2015 LK24),True
3102669,(2001 XQ),True
54200300,(2021 SN1),True
54161734,(2021 MX),True
3179354,(2004 GE2),True
2068950,68950 (2002 QF15),True
2613986,613986 (2008 JG),True
2405762,405762 (2005 YO180),True
54161704,(2021 KG10),True
3092385,(2001 TC45),True
3132128,(2002 PR1),True
54201805,(2021 SX3),True
3313976,(2006 BX39),True
3574783,(2011 PS),True
3553279,(2010 XB24),True
2533372,533372 (2014 GG17),True
54204643,(2021 TG4),True
3602023,(2012 FG58),True
2488789,488789 (2004 XK50),True
2526878,526878 (2007 FE),True
3152314,(2003 GG21),True
2067381,67381 (2000 OL8),True
3757288,(2016 PN38),True
3778659,(2017 OP19),True
54081200,(2020 UR6),True
3102719,(2001 YB5),True
2401954,401954 (2002 RW25),True
3366807,(2007 BD7),True
2395207,395207 (2010 HQ80),True
3651169,(2013 TT135),True
2162039,162039 (1996 JG),True
2365071,365071 (2009 AV),True
3125003,(2002 JE9),True
2359170,359170 (2009 CN5),True
2162695,162695 (2000 UL11),True
3837975,(2019 BP1),True
3125005,(2002 JQ9),True
3441093,(2008 XB1),True
2208115,208115 (2000 CT101),True
3263539,(2004 XN29),True
3757573,(2016 OP5),True
3550082,(2010 UQ7),True
2162922,162922 (2001 OY13),True
3786451,(2017 TN6),True
3092289,(2001 CA21),True
2471323,471323 (2011 KW15),True
3795078,(2017 YE5),True
3730321,(2015 TR178),True
54054507,(2020 ST1),True
3604307,(2012 KC6),True
2441987,441987 (2010 NY65),True
3647695,(2013 RC32),True
54050980,(2020 PB1),True
54106307,(2021 BW),True
54202335,(2021 SP4),True
3610765,(2012 TJ146),True
3893643,(2019 WL4),True
2450142,450142 (1998 XN2),True
2247360,247360 (2001 XU),True
3334436,(2006 KD40),True
2022753,22753 (1998 WT),True
2529366,529366 (2009 WM1),True
3367903,(2007 CS26),True
3764847,(2016 WG9),True
2538212,538212 (2016 CA136),True
3892745,(2019 VL4),True
2085713,85713 (1998 SS49),True
2162882,162882 (2001 FD58),True
2450300,450300 (2004 QD14),True
3796292,(2017 YS8),True
3674069,(2014 MR26),True
2377097,377097 (2002 WQ4),True
2503941,503941 (2003 UV11),True
3837902,(2019 AG13),True
3789083,(2017 UQ51),True
3127390,(2002 LX),True
2348306,348306 (2005 AY28),True
3736248,(2015 XD130),True
2037655,37655 Illapa (1994 PM),True
3102743,(2002 AT4),True
54143414,(2021 JY),True
3825814,(2018 NF15),True
2144332,144332 (2004 DV24),True
3397494,(2007 XN),True
2452807,452807 (2006 KV89),True
54096432,(2020 WM5),True
3521439,(2010 JN71),True
3838104,(2019 CH1),True
2068346,68346 (2001 KZ66),True
2173561,173561 (2000 YV137),True
2008566,8566 (1996 EN),True
3933022,(2019 XQ3),True
3454731,(2009 FU4),True
3761480,(2016 UZ25),True
3249347,(2004 PS42),True
3989281,(2020 BS12),True
2462238,462238 (2008 CN1),True
3840128,(2019 FH),True
2413577,413577 (2005 UL5),True
3634388,(2013 GR38),True
2509352,509352 (2007 AG),True
2242643,242643 (2005 NZ6),True
2523934,523934 (1998 FF14),True
3781457,(2017 RR15),True
3989144,(2020 BC6),True
3767325,(2017 BK92),True
54105102,(2021 AE4),True
2523606,523606 (2005 CJ),True
2140288,140288 (2001 SN289),True
54133135,(2021 FG3),True
2481394,481394 (2006 SF6),True
3606253,(2012 OQ),True
3409964,(2008 JG),True
3293832,(2005 TF49),True
3661368,(2014 CY4),True
2192563,192563 (1998 WZ6),True
3648716,(2013 SW24),True
3781594,(2017 SN2),True
2250620,250620 (2005 GE59),True
54109176,(2021 BM3),True
2085585,85585 Mjolnir (1998 FG2),True
3712670,(2015 DN215),True
2008014,8014 (1990 MF),True
3794988,(2017 YZ1),True
3303213,(2005 WD),True
3802102,(2018 FJ5),True
3831203,(2018 TO1),True
3549036,(2010 TS149),True
3013075,(6344 P-L),True
2356991,356991 (1998 QA1),True
54054354,(2020 RH7),True
2216258,216258 (2006 WH1),True
3714579,(2015 FE120),True
2417634,417634 (2006 XG1),True
2086039,86039 (1999 NC43),True
3251712,(2004 RE84),True
3251517,(2004 RW10),True
3836663,(2018 WP2),True
2424482,424482 (2008 DG5),True
3893551,(2019 WF3),True
3699901,(2014 WK368),True
2450293,450293 (2004 LV3),True
3741147,(2016 BT39),True
3686160,(2014 QK434),True
3321667,(2006 CT10),True
3775155,(2017 KN34),True
3578980,(2011 SO32),True
3775207,(2017 MA),True
3445537,(2009 BD81),True
2513171,513171 (2004 MD6),True
3599866,(2012 DK31),True
2613569,613569 (2006 TU7),True
54240417,(2022 BJ4),True
3381449,(2007 PF28),True
3120894,(2002 GZ8),True
3794976,(2017 YH1),True
2175706,175706 (1996 FG3),True
3338136,(2006 PY17),True
3685808,(2014 QX432),True
3549033,(2010 TP55),True
3150771,(2003 EG16),True
3258074,(2004 UR1),True
54049354,(2020 ON3),True
3782067,(2017 TK1),True
3567993,(2011 LC19),True
3719183,(2015 JD1),True
3713304,(2015 FJ),True
3267066,(2005 CL),True
2458723,458723 (2011 KQ12),True
3753590,(2016 JT38),True
2531944,531944 (2013 CU83),True
2386454,386454 (2008 XM),True
3843131,(2019 NE2),True
2002101,2101 Adonis (1936 CA),True
2435548,435548 (2008 QT3),True
2614433,614433 (2009 KK),True
2471926,471926 Jormungandr (2013 KN6),True
54245557,(2022 CQ1),True
54054627,(2020 SP4),True
3826837,(2018 PQ23),True
3426408,(2008 QS11),True
3892653,(2019 VD2),True
3766294,(2017 AE3),True
2389694,389694 (2011 QD48),True
3909261,(2019 XO2),True
3661493,(2014 CD13),True
3529053,(2010 LK34),True
3614394,(2012 UR136),True
3648205,(2013 RH74),True
2612856,612856 (2004 TP1),True
2139211,139211 (2001 GN2),True
2504034,504034 (2005 UJ159),True
3747314,(2016 EH157),True
54005664,(2020 DT3),True
2613714,613714 (2007 DL41),True
2514596,514596 (2003 FG),True
3666783,(2014 FO47),True
2162000,162000 (1990 OS),True
54213618,(2021 TD32),True
3285304,(2005 OD3),True
54016377,(2020 FO5),True
2524268,524268 (2001 TO48),True
2385186,385186 (1994 AW1),True
3288478,(2005 PA5),True
2357028,357028 (2000 EJ26),True
3819665,(2018 HL2),True
3715376,(2015 FS332),True
2410778,410778 (2009 FG19),True
3785686,(2017 TG2),True
3831479,(2018 TF3),True
3082929,(2001 SZ269),True
3724106,(2015 NU13),True
54100193,(2020 XD5),True
2329437,329437 (2002 OA22),True
3388315,(2007 TU24),True
2454100,454100 (2013 BO73),True
54016410,(2020 FM6),True
2035107,35107 (1991 VH),True
2164207,164207 (2004 GU9),True
2536531,536531 (2015 DV215),True
2172678,172678 (2003 YM137),True
2480858,480858 (2001 PT9),True
3605764,(2012 LK11),True
2523804,523804 (2000 YF29),True
2162421,162421 (2000 ET70),True
3438960,(2008 VL14),True
2527715,527715 (2007 YQ56),True
2539063,539063 (2016 MK1),True
3735470,(2015 WA2),True
3884238,(2019 US10),True
2154302,154302 (2002 UQ3),True
2297418,297418 (2000 SP43),True
2163249,163249 (2002 GT),True
3989285,(2020 BX12),True
2235756,235756 (2004 VC),True
2033342,33342 (1998 WT24),True
2474158,474158 (1999 FA),True
3757294,(2016 PR38),True
54105560,(2021 AL6),True
2164400,164400 (2005 GN59),True
3141540,(2002 VP69),True
3766015,(2016 XM23),True
54106742,(2021 BF3),True
3063058,(2000 WC1),True
3558389,(2011 BE38),True
3153509,(2003 HM),True
3511355,(2010 DJ77),True
3624741,(2013 BC18),True
3662584,(2014 DM22),True
3840802,(2019 GD1),True
2365014,365014 (2008 OX2),True
3842939,(2019 MF1),True
3461188,(2009 KD3),True
54125414,(2021 DH2),True
2357622,357622 (2005 EY95),True
3842750,(2018 PP29),True
2349068,349068 (2006 YT13),True
2459683,459683 (2013 MY5),True
3387793,(2007 TS19),True
2509456,509456 (2007 LF),True
3770330,(2017 EN),True
2481532,481532 (2007 LE),True
2068372,68372 (2001 PM9),True
54161318,(2021 MJ),True
3838263,(2019 CD5),True
2001981,1981 Midas (1973 EA),True
2423321,423321 (2005 ED318),True
2013651,13651 (1997 BR),True
2508908,508908 (2003 YX1),True
2506859,506859 (2007 VW137),True
2005189,5189 (1990 UQ),True
2162416,162416 (2000 EH26),True
3695930,(2014 VL6),True
3405085,(2008 EM7),True
3333737,(2006 KK21),True
54087574,(2020 VM1),True
3888754,(2019 UN12),True
2143404,143404 (2003 BD44),True
2004769,4769 Castalia (1989 PB),True
3705045,(2015 BZ310),True
2523589,523589 (2001 HA4),True
3591611,(2011 YG6),True
2483422,483422 (2000 CE59),True
54212684,(2021 UQ1),True
3753919,(2016 LV47),True
3412894,(2008 KE6),True
54246203,(2022 CR4),True
2523816,523816 (2009 ST103),True
54228542,(2021 XU2),True
2153814,153814 (2001 WN5),True
3675229,(2014 NG65),True
3605900,(2012 MJ6),True
3358522,(2006 VG13),True
3508146,(2010 DO),True
3729835,(2015 TB145),True
2350523,350523 (2000 EA14),True
3092374,(2001 TA2),True
2267221,267221 (2001 AD2),True
2037638,37638 (1993 VB),True
3825425,(2018 MV4),True
2007482,7482 (1994 PC1),True
3022036,(1999 RM45),True
3766185,(2016 YT8),True
3602625,(2012 GV17),True
2152637,152637 (1997 NC1),True
2453778,453778 (2011 JK),True
2369057,369057 (2008 DK5),True
3553986,(2010 XP69),True
54016360,(2020 FW4),True
3256328,(2004 TL10),True
3621641,(2012 YQ1),True
3776109,(2017 MH7),True
2138404,138404 (2000 HA24),True
3674619,(2014 NK52),True
2418135,418135 (2008 AG33),True
54051070,(2020 PN3),True
3837599,(2019 AZ2),True
54196368,(2021 RU12),True
3623947,(2013 AN60),True
2206910,206910 (2004 NL8),True
3160850,(2003 TK2),True
2089136,89136 (2001 US16),True
3838020,(2019 BT2),True
3476134,(2009 VA26),True
3005806,(1983 LC),True
3511894,(2010 EK44),True
3765022,(2016 XM),True
3275673,(2005 GY8),True
3752784,(2016 JC6),True
3713308,(2015 FL),True
2408792,408792 (2000 GF2),True
3741556,(2016 BR80),True
2467460,467460 (2006 JF42),True
3163739,(2003 TR9),True
3273446,(2005 EA),True
2438955,438955 (2010 LN14),True
2511684,511684 (2015 BN509),True
3418109,(2008 NO3),True
3102729,(2002 AZ1),True
54157345,(2021 LL2),True
3014683,(1998 US18),True
3740897,(2016 BC14),True
3614639,(2012 UR138),True
3879384,(2019 UC4),True
3378545,(2007 LU19),True
54244775,(2022 CY),True
2448003,448003 (2008 DE),True
3764848,(2016 WF9),True
3780638,(2017 OP68),True
3574100,(2011 OR15),True
3392365,(2007 VT6),True
3267783,(2005 DD),True
2099942,99942 Apophis (2004 MN4),True
2004486,4486 Mithra (1987 SB),True
2366746,366746 (2004 LJ),True
3838129,(2019 CU1),True
2494690,494690 (2004 JQ1),True
2508967,508967 (2004 VC17),True
3825122,(2018 LL2),True
2141593,141593 (2002 HK12),True
3276441,(2005 GH81),True
3672193,(2014 KP4),True
3602783,(2012 HG8),True
54244790,(2022 CN1),True
54229754,(2021 XJ5),True
3397572,(2007 XY9),True
3825479,(2018 MW6),True
3719175,(2015 JV),True
54210293,(2021 TP21),True
3739246,(2016 AZ8),True
3750665,(2016 GQ134),True
3536555,(2010 MU112),True
3120892,(2002 GJ8),True
2162783,162783 (2000 YJ11),True
2003122,3122 Florence (1981 ET3),True
3440771,(2008 WZ94),True
3699508,(2014 WG365),True
2481482,481482 (2007 CA19),True
3710228,(2015 CV13),True
2511008,511008 (2013 PX6),True
3299947,(2005 VR7),True
3671129,(2014 JV55),True
54220857,(2021 VN22),True
3176186,(2004 DM44),True
2529753,529753 (2010 MF1),True
2387505,387505 (1998 KN3),True
2494710,494710 (2005 MO13),True
2171839,171839 (2001 JM1),True
3843701,(2019 QD6),True
2041429,41429 (2000 GE2),True
2025143,25143 Itokawa (1998 SF36),True
3797861,(2018 BM3),True
3427441,(2008 SC),True
3117459,(2002 FQ5),True
2523630,523630 (2009 OG),True
2152561,152561 (1991 RB),True
2474163,474163 (1999 SO5),True
2311044,311044 (2004 BB103),True
2006239,6239 Minos (1989 QF),True
2496901,496901 (2001 HB),True
3672906,(2014 KT76),True
3691095,(2014 SM260),True
2531277,531277 (2012 MM11),True
3655362,(2013 YC),True
3799304,(2018 CZ2),True
2386847,386847 (2010 LR33),True
2265196,265196 (2004 BW58),True
3610526,(2012 TO139),True
2307493,307493 (2002 XP90),True
2378358,378358 (2007 LD),True
3602063,(2012 FO62),True
3752785,(2016 FG60),True
2162687,162687 (2000 UH1),True
3843858,(2019 RU3),True
2467336,467336 (2002 LT38),True
3843430,(2019 OY3),True
54271298,(2022 GJ3),True
3670721,(2014 JO25),True
2505178,505178 (2012 TV78),True
3092480,(2001 VJ5),True
2436671,436671 (2011 SV71),True
2613450,613450 (2006 PY17),True
54137790,(2021 GX12),True
2199801,199801 (2007 AE12),True
3781339,(2017 RL),True
2489486,489486 (2007 GS3),True
3760537,(2016 TZ17),True
3773760,(2017 GM4),True
3683806,(2014 QO296),True
3785780,(2017 TV4),True
54148940,(2010 NT81),True
3549391,(2010 TU149),True
2162116,162116 (1998 SA15),True
3448961,(2009 DZ42),True
3843394,(2019 OQ2),True
2523818,523818 (2010 SH13),True
2162361,162361 (2000 AF6),True
3878564,(2019 TP1),True
3748270,(2016 FY3),True
2085774,85774 (1998 UT18),True
3757001,(2016 PR8),True
3147323,(2003 BB21),True
3127385,(2002 KK8),True
3447934,(2009 DR3),True
2007822,7822 (1991 CS),True
3607728,(2012 QC8),True
2154330,154330 (2002 VX94),True
3789631,(2017 WV13),True
3541751,(2010 ON101),True
3102742,(2002 AS4),True
3102713,(2001 YP3),True
2367248,367248 (2007 MK13),True
2612358,612358 (2002 JE9),True
3732123,(2015 UR51),True
3265824,(2005 AV27),True
3607667,(2012 PP28),True
3644702,(2013 NV),True
2221455,221455 (2006 BC10),True
54017111,(2020 JC3),True
3421513,(2008 OX1),True
2363067,363067 (2000 CO101),True
54088805,(2020 WG),True
3145512,(2003 AY2),True
3163738,(2003 TO9),True
3014109,(1998 SH2),True
3843182,(2019 NO4),True
2434326,434326 (2004 JG6),True
3714553,(2015 FT118),True
3371146,(2007 ED125),True
3398821,(2008 AX1),True
2533722,533722 (2014 NE52),True
54096431,(2020 WL5),True
3837956,(2019 BC1),True
3766032,(2016 XP23),True
2455148,455148 (1994 UG),True
3449591,(2009 EP2),True
2141614,141614 (2002 JV15),True
2004660,4660 Nereus (1982 DB),True
3423024,(2008 PF1),True
54186213,(2021 PL23),True
3743119,(2016 CW137),True
54262971,(2022 FG),True
3080638,(2001 QC34),True
2457768,457768 (2009 KN4),True
2612348,612348 (2002 GZ8),True
3786447,(2017 TH6),True
2523656,523656 (2011 WO4),True
3082930,(2001 SY269),True
3515377,(2010 GU21),True
3427794,(2008 SV11),True
2382745,382745 (2003 CC),True
2348400,348400 (2005 JF21),True
2490581,490581 (2009 WZ104),True
3831077,(2018 SK3),True
3445602,(2009 CS),True
3596848,(2012 BM86),True
2087684,87684 (2000 SY2),True
3842883,(2019 LH5),True
2101955,101955 Bennu (1999 RQ36),True
3653190,(2013 US3),True
3520759,(2010 JJ41),True
3838886,(2019 EN),True
2484976,484976 (2009 UN3),True
3748546,(2016 FC15),True
54084708,(2020 UW6),True
3169271,(2003 WH166),True
2576763,576763 (2012 UR136),True
3311865,(2006 AR3),True
54131736,(2021 ED5),True
2513126,513126 (1998 QP),True
3434369,(2008 UW91),True
3403151,(2008 DD),True
2385605,385605 (2005 EJ225),True
3740808,(2016 BE1),True
3824967,(2018 JD5),True
3773930,(2017 GM7),True
2470310,470310 (2007 LB15),True
54212683,(2021 UP1),True
2482488,482488 (2012 SW20),True
3986740,(2020 BX),True
2526587,526587 (2006 TB),True
3170218,(2003 YD45),True
2413989,413989 (2007 EL88),True
3733140,(2015 VE1),True
3557196,(2011 CC22),True
3723597,(2015 MT96),True
3717082,(2015 HR11),True
3297371,(2005 UW6),True
2416801,416801 (2005 GC120),True
2467317,467317 (2000 QW7),True
2444004,444004 (2004 AS1),True
2162825,162825 (2001 BO61),True
3556208,(2011 CG2),True
54146072,(2021 KD),True
3774091,(2017 HP3),True
54016429,(2020 FZ6),True
3789724,(2017 WN16),True
2289315,289315 (2005 AN26),True
3273524,(2005 EO33),True
3146499,(2003 AF23),True
54017196,(2020 KO3),True
2154275,154275 (2002 SR41),True
3477574,(2009 WJ1),True
3401432,(2008 CS1),True
3314045,(2006 BE55),True
3180152,(2004 HF12),True
3766964,(2017 BP5),True
3778075,(2017 OL1),True
54231658,(2021 YJ),True
3994619,(2020 DR2),True
3117440,(2002 FC),True
54266163,(2022 FU3),True
2363344,363344 (2002 QC7),True
3653537,(2013 VO5),True
3766238,(2016 YB11),True
2207945,207945 (1991 JW),True
3905989,(2019 XE1),True
2363831,363831 (2005 PY16),True
3350633,(2006 TU7),True
3309828,(2005 YQ96),True
3824115,(2018 JK3),True
2217430,217430 (2005 SN25),True
2537395,537395 (2015 LG2),True
2216985,216985 (2000 QK130),True
3825489,(2018 MG7),True
54110457,(2021 CK2),True
3789399,(2017 VW13),True
3427985,(2008 SH82),True
3309093,(2005 YU3),True
3836920,(2018 XG5),True
3290881,(2005 SQ),True
2530520,530520 (2011 LT17),True
3772382,(2017 FQ64),True
3279787,(2005 LW39),True
3374669,(2007 HE15),True
3177237,(2004 FY31),True
3542519,(2010 PK9),True
54235676,(2022 AA3),True
2526670,526670 (2006 UL217),True
3476771,(2009 VQ44),True
54017288,(2020 KG6),True
2090075,90075 (2002 VU94),True
2515767,515767 (2015 JA2),True
2454101,454101 (2013 BP73),True
3606252,(2012 OO),True
3260293,(2004 UV1),True
3414251,(2008 LW16),True
3727338,(2015 RP82),True
3840701,(2019 FZ),True
2234145,234145 (2000 EW70),True
3092515,(2001 WH1),True
3638288,(2013 JM14),True
2153002,153002 (2000 JG5),True
3078262,(2001 LD),True
2185851,185851 (2000 DP107),True
3393169,(2007 VD12),True
2267720,267720 (2003 CA),True
3170231,(2003 YL118),True
3799839,(2018 EM2),True
3766497,(2017 AQ19),True
2179806,179806 (2002 TD66),True
3071767,(2001 FC58),True
54048892,(2020 OM1),True
54097967,(2020 XQ),True
54016280,(2020 FH2),True
3840745,(2019 FM2),True
3589302,(2011 WR46),True
3307228,(2005 XT77),True
54092911,(2020 WB3),True
2523808,523808 (2007 ML24),True
3775205,(2017 LU),True
2007753,7753 (1988 XB),True
3292263,(2005 TP),True
2035396,35396 (1997 XF11),True
3840136,(2019 FJ),True
3550464,(2010 VT11),True
54248956,(2022 EX),True
3824084,(2018 JD2),True
3692751,(2014 TN17),True
3157483,(2003 OC3),True
2380636,380636 (2004 XN14),True
54166597,(2021 NT1),True
2359369,359369 (2009 YG),True
2415029,415029 (2011 UL21),True
3989242,(2020 BN10),True
3837741,(2019 AN7),True
2438105,438105 (2005 GO22),True
3601472,(2012 FR1),True
2253841,253841 (2003 YG118),True
3511892,(2010 EF44),True
2466508,466508 (2014 GY48),True
3986635,(2019 YX6),True
2205744,205744 (2002 BK25),True
3634615,(2013 GS66),True
3399918,(2008 AH33),True
3798993,(2018 BA7),True
54138703,(2021 HS),True
3638380,(2013 JL22),True
3120904,(2002 HP11),True
3632244,(2013 ER89),True
2388188,388188 (2006 DP14),True
2162979,162979 (2001 RA12),True
3076814,(2001 KF54),True
3766075,(2016 YZ),True
3831916,(2018 UQ1),True
2004953,4953 (1990 MU),True
3673865,(2014 MP5),True
54235662,(2022 AN2),True
2163697,163697 (2003 EF54),True
3635331,(2013 HT15),True
2500080,500080 (2011 WV134),True
3634185,(2013 GY7),True
3841701,(2019 JB1),True
3457843,(2009 HD21),True
3608936,(2012 SD22),True
3669359,(2014 HK129),True
2513312,513312 (2007 DM41),True
3599062,(2012 CA21),True
3553994,(2010 YB),True
3410172,(2008 JW2),True
2065679,65679 (1989 UQ),True
3663745,(2014 EQ12),True
3612842,(2012 UZ33),True
3789609,(2017 WX12),True
3170209,(2003 YH136),True
2243566,243566 (1995 SA),True
54169406,(2021 NQ5),True
3257091,(2004 UE),True
3750673,(2016 GD135),True
3401101,(2008 BD15),True
3760884,(2016 TH55),True
54100581,(2020 XU6),True
3755112,(2016 NO16),True
3797749,(2018 BO1),True
2159857,159857 (2004 LJ1),True
3429819,(2008 TD2),True
2423709,423709 (2006 BQ6),True
2469896,469896 (2005 WC1),True
54017164,(2020 KT2),True
3579078,(2011 SM68),True
3556126,(2011 BM45),True
2085182,85182 (1991 AQ),True
2430804,430804 (2005 AD13),True
54099615,(2020 XL3),True
3626394,(2013 BO76),True
3321628,(2006 CM10),True
3130460,(2002 MR3),True
2279744,279744 (1998 KM3),True
2417419,417419 (2006 KL21),True
2613403,613403 (2006 GB),True
54219296,(2021 VK11),True
3147581,(2003 CG11),True
2001566,1566 Icarus (1949 MA),True
3781268,(2017 QV34),True
3013066,(1997 GL3),True
3582138,(2011 UH20),True
3674335,(2014 MK55),True
2508774,508774 (1999 JE1),True
3633051,(2013 FA8),True
3819679,(2018 JA),True
3303218,(2005 WA1),True
3292769,(2005 TS15),True
3249785,(2004 QB),True
2481457,481457 (2006 XD2),True
2349507,349507 (2008 QY),True
3767936,(2017 BQ93),True
54184281,(2021 PC7),True
3774614,(2017 JE3),True
3892191,(2019 UX13),True
3557481,(2011 BO59),True
3761549,(2016 UJ31),True
3699506,(2014 WE365),True
3795095,(2017 YT5),True
3619342,(2012 XY6),True
2200840,200840 (2001 XN254),True
3169265,(2003 WC158),True
3712420,(2015 DU180),True
3797710,(2018 BP),True
2612098,612098 (1999 RM45),True
3567995,(2011 LJ19),True
54016232,(2020 FO1),True
3843128,(2019 NA2),True
3766608,(2017 BF3),True
2163067,163067 (2002 AP3),True
2326290,326290 Akhenaten (1998 HE3),True
3842901,(2019 LG6),True
2523598,523598 (2003 ED50),True
3591407,(2011 XA3),True
2152560,152560 (1991 BN),True
54239534,(2021 WC8),True
3422140,(2008 OS7),True
3330050,(2006 HD2),True
3767248,(2017 BP31),True
3560915,(2011 GA),True
54161801,(2021 MG1),True
3986682,(2020 AN3),True
3765646,(2016 XH2),True
3654057,(2013 WR67),True
3710913,(2015 DB1),True
2286080,286080 (2001 TX1),True
3074752,(2001 GR2),True
2226554,226554 (2003 WR21),True
2163899,163899 (2003 SD220),True
3426636,(2008 RV),True
2038071,38071 (1999 GU3),True
3879227,(2019 UK),True
3276397,(2005 GD60),True
2163683,163683 (2002 YP2),True
3760585,(2016 TJ18),True
3991701,(2020 DY1),True
2381906,381906 (2010 CL19),True
3776848,(2017 NN6),True
3744153,(2016 CO247),True
2443806,443806 (1998 FL3),True
54230517,(2021 XL6),True
2477519,477519 (2010 DJ56),True
3621805,(2012 YY6),True
54239889,(2022 BX1),True
2438661,438661 (2008 EP6),True
3843348,(2019 OT),True
3843758,(2019 RC),True
2139359,139359 (2001 ME1),True
54137809,(2021 GN16),True
2436724,436724 (2011 UW158),True
2445305,445305 (2010 DM56),True
3617387,(2012 VE46),True
3145514,(2003 AA3),True
2136795,136795 Tatsunokingo (1997 BQ),True
2153201,153201 (2000 WO107),True
2382758,382758 (2003 GY),True
2496816,496816 (1989 UP),True
3798985,(2018 BT6),True
3167345,(2003 WP21),True
3755203,(2016 NT22),True
3572706,(2011 OB),True
3464007,(2009 OF),True
2414990,414990 (2011 EM51),True
2504256,504256 (2006 VD13),True
2482766,482766 (2013 GF69),True
3838912,(2019 DD2),True
3395313,(2007 VP243),True
54095182,(2020 WA5),True
2450270,450270 (2004 AE),True
3724644,(2015 OL35),True
2141525,141525 (2002 FV5),True
3770288,(2017 DN109),True
2429094,429094 (2009 SG2),True
2484517,484517 (2008 EC69),True
3581669,(2011 TX8),True
54017784,(2020 ND),True
54178992,(2021 PS2),True
2385343,385343 (2002 LV),True
3837719,(2019 AP6),True
3263453,(2004 XP14),True
3145520,(2003 AC23),True
2468727,468727 (2010 JE87),True
3757411,(2016 PZ39),True
2141527,141527 (2002 FG7),True
3640745,(2013 LE16),True
3591595,(2011 YE6),True
2331876,331876 (2004 CL),True
3836084,(2018 VG3),True
3797698,(2018 AM12),True
3582010,(2011 TN9),True
2528804,528804 (2009 BJ58),True
3451790,(2009 FF),True
2163364,163364 (2002 OD20),True
3723888,(2015 NU2),True
2523662,523662 (2012 MU2),True
3843090,(2019 MS3),True
3757398,(2016 PQ39),True
3299722,(2005 VO5),True
3826894,(2018 QT),True
3654378,(2013 WF108),True
3739393,(2016 AC65),True
2374158,374158 (2004 UL),True
3744790,(2016 DL),True
3102694,(2001 XP31),True
3459429,(2009 JR),True
3143081,(2002 VR85),True
2480883,480883 (2001 YE4),True
3726791,(2015 RH2),True
3741566,(2016 CS29),True
3761740,(2016 UW40),True
54016979,(2020 JV),True
3608092,(2012 QG42),True
3703314,(2015 AH),True
3371145,(2007 DT103),True
2523732,523732 (2014 PG51),True
2374851,374851 (2006 VV2),True
3065184,(2000 YG29),True
3441126,(2008 XA2),True
3279221,(2005 KJ10),True
2514568,514568 (1994 RC),True
2531899,531899 (2013 BE19),True
2523685,523685 (2014 DN112),True
3799790,(2018 EE),True
2496013,496013 (2008 EL6),True
3689353,(2014 SP142),True
3519490,(2010 JG),True
3893728,(2019 WX4),True
2009856,9856 (1991 EE),True
54087860,(2020 VZ5),True
3789118,(2017 VX1),True
2065690,65690 (1991 DG),True
2437905,437905 (2001 XU30),True
3766463,(2017 AY13),True
2192642,192642 (1999 RD32),True
3076812,(2001 JV1),True
2143651,143651 (2003 QO104),True
3776549,(2017 NS5),True
3002856,(1991 GO),True
3651153,(2013 TR132),True
2531914,531914 (2013 BW76),True
2529951,529951 (2010 UD),True
54016489,(2020 GA2),True
2155338,155338 (2006 MZ1),True
3638237,(2013 JN7),True
2612012,612012 (1983 LC),True
2003200,3200 Phaethon (1983 TB),True
3391853,(2007 UR51),True
3790058,(2017 WN28),True
3765661,(2016 XW17),True
2455687,455687 (2005 EK94),True
2363024,363024 (1998 OK1),True
2614470,614470 (2009 ST19),True
2308242,308242 (2005 GO21),True
3655975,(2014 AF51),True
3581507,(2011 TC4),True
2612813,612813 (2004 RF84),True
3157020,(2003 MU),True
3134259,(2002 QQ40),True
3398754,(2008 AG1),True
3753621,(2016 KL1),True
2085640,85640 (1998 OX4),True
2433953,433953 (1997 XR2),True
3752454,(2016 HV3),True
3752443,(2016 HN3),True
2605070,605070 (2016 BT39),True
2162210,162210 (1999 SM5),True
2304330,304330 (2006 SX217),True
3311964,(2006 AM4),True
54125409,(2021 DC2),True
2422699,422699 (2000 PD3),True
3753695,(2016 LN1),True
3740498,(2016 AJ193),True
3842747,(2019 KQ5),True
3765642,(2016 XA2),True
2481817,481817 (2008 UL90),True
54186657,(2021 PA24),True
3623673,(2013 AX52),True
3843572,(2019 QG),True
3723767,(2015 MG116),True
2153311,153311 (2001 MG1),True
2163818,163818 (2003 RX7),True
3289742,(2005 QZ151),True
2504800,504800 (2010 CO1),True
3127232,(2002 KG4),True
3694451,(2014 UQ56),True
3372217,(2007 FT3),True
3444273,(2009 AC16),True
2375054,375054 (2007 PF6),True
54245819,(2022 CQ3),True
3255979,(2004 TN1),True
3606220,(2012 NN),True
3610527,(2012 TP139),True
3707694,(2015 BL311),True
3182189,(2004 KB),True
3631821,(2013 EW27),True
2451003,451003 (2008 UD1),True
3831075,(2018 SX2),True
3837682,(2019 AN5),True
3621700,(2012 YO3),True
3831884,(2018 UY),True
2469445,469445 (2002 LT24),True
2528159,528159 (2008 HS3),True
3758270,(2016 QE45),True
3102728,(2002 AY1),True
3616698,(2012 VO6),True
3766033,(2016 XO23),True
2425755,425755 (2011 CP4),True
2378160,378160 (2006 WX1),True
2230549,230549 (2003 BH),True
3825448,(2018 MR5),True
3309286,(2005 YS8),True
2341843,341843 (2008 EV5),True
2002102,2102 Tantalus (1975 YA),True
3802077,(2018 FJ4),True
2363084,363084 (2000 RD53),True
2023187,23187 (2000 PN9),True
2140158,140158 (2001 SX169),True
3745504,(2016 EF28),True
3263235,(2004 XO),True
3802398,(2018 GM),True
3605940,(2012 MZ6),True
3365986,(2007 AV2),True
3604618,(2012 KU12),True
2416591,416591 (2004 LC2),True
3523946,(2010 KR10),True
2480936,480936 (2003 QH5),True
3566441,(2011 KE),True
54213278,(2021 UN3),True
54214050,(2021 UU5),True
3346460,(2006 SS134),True
3589298,(2011 WN46),True
2348314,348314 (2005 BC),True
3596845,(2012 BJ86),True
2012923,12923 Zephyr (1999 GK4),True
2053429,53429 (1999 TF5),True
2153958,153958 (2002 AM31),True
54092904,(2020 WT2),True
2410627,410627 (2008 RG1),True
2251722,251722 (1997 US2),True
3843775,(2019 RW),True
54135434,(2021 GY3),True
2344076,344076 (1998 HJ3),True
54051075,(2020 PS3),True
2523775,523775 (2014 YB35),True
3275512,(2005 GU),True
3167340,(2003 WG),True
3293926,(2005 TU50),True
3785706,(2017 SY32),True
3653902,(2013 WR43),True
3621018,(2012 XJ134),True
54051089,(2020 PM4),True
3467706,(2009 ST19),True
3694987,(2014 UR116),True
54215198,(2021 UV7),True
3842641,(2019 KB4),True
2153591,153591 (2001 SN263),True
54165395,(2021 MB2),True
2495187,495187 (2012 VO76),True
2152754,152754 (1999 GS6),True
54111265,(2021 CF4),True
3653699,(2013 VY13),True
3831888,(2018 UA1),True
2429584,429584 (2011 EU29),True
2361754,361754 (2007 YV29),True
3559842,(2011 EO51),True
3607382,(2012 PS4),True
3731244,(2015 TE323),True
3781301,(2017 QY34),True
3133153,(2002 PE130),True
2525268,525268 (2004 XL14),True
2612522,612522 (2002 VP69),True
3401382,(2008 CH),True
2444193,444193 (2005 SE71),True
3124998,(2002 JZ8),True
3752013,(2016 GX221),True
3773915,(2017 GP6),True
3402613,(2008 CL116),True
3368864,(2007 DL41),True
3724221,(2015 ME131),True
2252399,252399 (2001 TX44),True
54269648,(2022 GY2),True
2525231,525231 (2004 VB),True
3781388,(2017 RV1),True
2465617,465617 (2009 EK1),True
54101655,(2020 YL1),True
3253151,(2004 SS),True
3673914,(2014 MF6),True
3066079,(2000 SL10),True
3370167,(2007 EF),True
3160741,(2003 SS84),True
3826859,(2018 PK24),True
3729275,(2015 TX24),True
3604304,(2012 KA4),True
2153220,153220 (2000 YN29),True
3774603,(2017 JT2),True
2488490,488490 (2000 AF205),True
3703073,(2014 YR15),True
3279740,(2005 LX36),True
3781963,(2017 SE19),True
3719203,(2015 JY1),True
3654982,(2013 XN24),True
3724112,(2015 NZ13),True
3442841,(2008 YS27),True
3547804,(2010 RA147),True
2066391,66391 Moshup (1999 KW4),True
2523623,523623 (2008 CB22),True
3520666,(2010 JV34),True
3728373,(2015 RR150),True
3729846,(2015 TH145),True
2453729,453729 (2011 BO24),True
2264357,264357 (2000 AZ93),True
2401856,401856 (2000 KW43),True
2250706,250706 (2005 RR6),True
3724058,(2015 NK13),True
3558387,(2011 EG17),True
3763951,(2016 WJ1),True
3764797,(2016 WJ7),True
3774613,(2017 JD3),True
3674874,(2014 OY1),True
3467187,(2009 SN),True
3550233,(2010 VZ),True
3565474,(2011 JR13),True
3726015,(2015 PU228),True
3744785,(2016 CL264),True
3183834,(2004 LB),True
2451124,451124 (2009 KC3),True
3755311,(2016 NQ32),True
3781871,(2017 SG14),True
2202683,202683 (2006 US216),True
2184266,184266 (2004 VW14),True
3074753,(2001 GT2),True
2357594,357594 (2004 XL35),True
54191846,(2021 QA6),True
2230111,230111 (2001 BE10),True
2509935,509935 (2009 QL8),True
2444584,444584 (2006 UK),True
2010115,10115 (1992 SK),True
3555763,(2011 BY18),True
3836308,(2018 WR1),True
3117435,(2002 EV11),True
2053426,53426 (1999 SL5),True
3251448,(2004 RQ10),True
2499582,499582 (2010 TH19),True
3467177,(2009 SB),True
3588786,(2011 WN15),True
3681972,(2014 PW59),True
2199003,199003 (2005 WJ56),True
2523950,523950 (1998 SZ27),True
3422250,(2008 OP8),True
54245558,(2022 CS1),True
3690051,(2014 SM143),True
3794979,(2017 YR1),True
3179352,(2004 GB2),True
3130462,(2002 MT3),True
3596491,(2012 BU61),True
3825227,(2018 LF5),True
3986636,(2020 AD3),True
3801934,(2018 EJ4),True
3893637,(2019 VF6),True
2368203,368203 (2001 KO2),True
2419472,419472 (2010 DW1),True
3758926,(2016 RT1),True
3082931,(2001 SG286),True
3620666,(2012 XO111),True
2279816,279816 (2000 JE5),True
2137120,137120 (1999 BJ8),True
3704141,(2015 AY245),True
3699954,(2014 XJ3),True
3152317,(2003 GQ22),True
3449054,(2009 DL46),True
2443103,443103 (2013 WT67),True
3740497,(2016 AH193),True
2417949,417949 (2007 TB23),True
3618023,(2012 VC82),True
2414286,414286 (2008 OC6),True
2333521,333521 (2005 PO),True
3713283,(2015 EK7),True
2399774,399774 (2005 NB7),True
3754264,(2016 LX48),True
3829455,(2018 RB7),True
2221980,221980 (1996 EO),True
2448721,448721 (2011 BN24),True
54097670,(2020 WU5),True
54055104,(2020 TX2),True
2453563,453563 (2010 BB),True
3117420,(2002 EY2),True
2301844,301844 (1990 UA),True
3451789,(2009 FE),True
3443811,(2009 AL),True
2137427,137427 (1999 TF211),True
54051414,(2020 QC6),True
3732675,(2015 UK52),True
3475236,(2009 VW),True
2437841,437841 (1998 HD14),True
2138175,138175 (2000 EE104),True
3959221,(2019 YZ3),True
2506491,506491 (2003 UW29),True
3550303,(2010 VG1),True
2454094,454094 (2013 BZ45),True
2242708,242708 (2005 UK1),True
2358471,358471 (2007 NS4),True
2099248,99248 (2001 KY66),True
2524475,524475 (2002 KJ4),True
3153516,(2003 HN16),True
54166590,(2021 MU2),True
2163014,163014 (2001 UA5),True
3841670,(2019 HH4),True
54177976,(2021 PT),True
3402131,(2008 CC6),True
3007574,(1997 WQ23),True
2302831,302831 (2003 FH),True
54016748,(2020 HD6),True
2398188,398188 Agni (2010 LE15),True
3114027,(2002 CD14),True
3463079,(2009 LQ),True
54054526,(2020 SH2),True
3843319,(2019 ND7),True
3789225,(2017 VR12),True
3753371,(2016 JU33),True
3409961,(2008 HB38),True
2549948,549948 (2011 WL2),True
3137721,(2002 SQ41),True
3445070,(2009 BE58),True
2029075,29075 (1950 DA),True
3050517,(2000 TU28),True
3775711,(2017 MB1),True
3686083,(2014 QL433),True
3843363,(2019 OM1),True
3011167,(1998 BY7),True
2390725,390725 (2003 HB),True
3591721,(2011 YH28),True
3715507,(2015 GY),True
3682230,(2014 QC3),True
3633188,(2013 FW13),True
3283571,(2005 NE7),True
3752106,(2016 HL),True
2189865,189865 (2003 NC),True
3397577,(2007 XD10),True
3548660,(2010 TP54),True
3776295,(2017 NH),True
3824988,(2018 KB1),True
54209486,(2021 TK15),True
3825097,(2018 LB1),True
3330049,(2006 HC2),True
2458418,458418 (2011 AM12),True
3558386,(2011 EF17),True
2138971,138971 (2001 CB21),True
2069230,69230 Hermes (1937 UB),True
3790126,(2017 XC),True
54114211,(2010 KD149),True
3358672,(2006 VT13),True
3788009,(2017 UR4),True
3403506,(2008 DJ),True
2085990,85990 (1999 JV6),True
2332446,332446 (2008 AF4),True
3843341,(2019 OO),True
54051321,(2020 QZ3),True
54048828,(2020 NK1),True
3005973,(1995 CR),True
3827100,(2018 QN1),True
3759716,(2016 SJ1),True
54051125,(2020 QD),True
3799787,(2018 EB),True
2314212,314212 (2005 NJ1),True
3840119,(2019 EU2),True
54136195,(2021 GB6),True
2374855,374855 (2006 VQ13),True
3419891,(2008 OO),True
54102022,(2020 YQ3),True
2434734,434734 (2006 FX),True
2137108,137108 (1999 AN10),True
3672190,(2014 KM4),True
3330680,(2006 HQ30),True
3727174,(2015 RA36),True
3729841,(2015 TV144),True
3559599,(2011 EO40),True
54049873,(2020 OT6),True
3797404,(2018 AT),True
3617158,(2012 VF37),True
2357439,357439 (2004 BL86),True
3515065,(2010 GS7),True
3768019,(2017 CS),True
3623524,(2013 AN20),True
2439877,439877 (1999 XM141),True
54106739,(2021 AF8),True
3387132,(2007 SR11),True
3367027,(2007 BJ29),True
3651158,(2013 TE135),True
3448068,(2009 DS10),True
54235437,(2022 AP),True
3791243,(2017 XA1),True
2367789,367789 (2011 AG5),True
3159889,(2003 RB5),True
54220007,(2021 VG19),True
3742342,(2016 CL136),True
3825086,(2018 LK),True
2006491,6491 (1991 OA),True
3603170,(2012 HZ33),True
3028810,(2000 CP101),True
3102724,(2002 AV),True
2265482,265482 (2005 EE),True
2162474,162474 (2000 LB16),True
2457662,457662 (2009 DZ),True
3715094,(2015 FV284),True
2514150,514150 (2015 KJ57),True
3564590,(2011 JA),True
2517681,517681 (2015 DE198),True
2187040,187040 (2005 JS108),True
3582516,(2011 UV63),True
54272754,(2022 FE6),True
3761127,(2016 TY92),True
3251513,(2004 RY10),True
2405212,405212 (2003 QC10),True
3588013,(2011 WL2),True
3582143,(2011 UT20),True
3603124,(2012 HG31),True
3730322,(2015 TL178),True
3384406,(2007 RU17),True
2154269,154269 (2002 SM),True
3774557,(2017 HY50),True
3614980,(2012 UR158),True
3771450,(2017 EQ13),True
54016975,(2020 JU),True
2613286,613286 (2005 YQ96),True
3338368,(2006 QQ23),True
2162173,162173 Ryugu (1999 JU3),True
2162183,162183 (1999 NB5),True
2162510,162510 (2000 QW69),True
2455299,455299 (2002 EL6),True
3601471,(2012 FQ1),True
3776010,(2017 MV2),True
3512281,(2010 FQ),True
54051328,(2020 QH4),True
2136849,136849 (1998 CS1),True
3836727,(2018 XR),True
2232691,232691 (2004 AR1),True
2409836,409836 (2006 QY110),True
3071766,(2001 FA58),True
3394072,(2007 VZ137),True
3829463,(2018 RJ7),True
3351835,(2006 UF17),True
3608618,(2012 RG15),True
3285299,(2005 OE3),True
3448532,(2009 DH39),True
2307005,307005 (2001 XP1),True
54235530,(2022 AY1),True
54202340,(2021 TO1),True
3789542,(2017 WG2),True
2382406,382406 (1996 AJ1),True
2004581,4581 Asclepius (1989 FC),True
3376262,(2007 JY2),True
3388081,(2007 TL23),True
2004034,4034 Vishnu (1986 PA),True
2011500,11500 Tomaiyowit (1989 UR),True
3843508,(2019 PG1),True
3838139,(2019 CD2),True
3991554,(2020 CB2),True
2612924,612924 (2005 CL),True
2154276,154276 (2002 SY50),True
2164216,164216 (2004 OT11),True
54240400,(2022 BJ3),True
2001620,1620 Geographos (1951 RA),True
3381448,(2007 PV27),True
3634904,(2013 GH84),True
54162241,(2019 WQ19),True
3184160,(2004 MX2),True
3731242,(2015 TD323),True
2052768,52768 (1998 OR2),True
3720440,(2015 KJ122),True
3433365,(2008 UE7),True
2275677,275677 (2000 RS11),True
2039572,39572 (1993 DQ1),True
2103067,103067 (1999 XA143),True
3180153,(2004 HG12),True
3604216,(2012 JS11),True
3373980,(2007 HA),True
3324630,(2006 DU62),True
2524594,524594 (2003 NW1),True
54244538,(2022 CV),True
2612337,612337 (2002 EY2),True
2482344,482344 (2011 WL15),True
3596144,(2012 BT23),True
3335049,(2006 KN89),True
3574821,(2011 PO1),True
3262792,(2004 WK1),True
3335613,(2006 LD1),True
3610029,(2012 TF53),True
3685272,(2014 QO390),True
3175330,(2004 CO49),True
54017234,(2020 KR4),True
2417211,417211 (2005 XL80),True
2494658,494658 (2000 UG11),True
3775709,(2017 MA1),True
3012398,(1994 CJ1),True
2403775,403775 (2011 HS4),True
3837596,(2019 AV2),True
3249983,(2004 QX2),True
3586027,(2011 VU5),True
2337558,337558 (2001 SG262),True
3523945,(2010 KQ10),True
2242450,242450 (2004 QY2),True
3766338,(2017 AM4),True
3020976,(1999 JZ10),True
3634781,(2013 GZ73),True
3559839,(2011 EL51),True
3752099,(2016 GD241),True
2516155,516155 (2016 DP),True
3666473,(2014 ER49),True
3566695,(2011 KU15),True
3550057,(2010 UG7),True
3102786,(2002 BM26),True
2152685,152685 (1998 MZ),True
3376346,(2007 JH22),True
2085938,85938 (1999 DJ4),True
3767007,(2017 BQ6),True
2007335,7335 (1989 JA),True
3774728,(2017 KZ4),True
54125898,(2021 DM2),True
2442523,442523 (2011 WU95),True
3797849,(2018 BY2),True
3673921,(2014 MJ6),True
3765532,(2016 XG1),True
2164202,164202 (2004 EW),True
2417217,417217 (2005 YS),True
3654338,(2013 XW3),True
2207398,207398 (2006 AS2),True
3678016,(2014 OX299),True
2137126,137126 (1999 CF9),True
2216523,216523 (2001 HY7),True
3585470,(2011 UE305),True
2442037,442037 (2010 PR66),True
54076348,(2020 UQ4),True
2461852,461852 (2006 GY2),True
54166827,(2021 NY1),True
2020425,20425 (1998 VD35),True
3703891,(2015 AR45),True
2154019,154019 (2002 CZ9),True
3607784,(2012 QQ10),True
2482650,482650 (2013 BK18),True
3520202,(2010 JK33),True
3457438,(2009 HV2),True
3184479,(2004 MP7),True
3711785,(2015 DP155),True
54053722,(2020 RC),True
2434188,434188 (2003 AD23),True
2180186,180186 (2003 QZ30),True
2434633,434633 (2005 WB1),True
2329614,329614 (2003 KU2),True
3766160,(2016 YW7),True
2354182,354182 (2002 DU3),True
3596143,(2012 BS23),True
3182830,(2004 KE17),True
2170903,170903 (2004 WS2),True
3293925,(2005 TR50),True
3556968,(2011 CT4),True
3726510,(2015 PM307),True
3550127,(2010 UK8),True
3117434,(2002 EU11),True
3989671,(2020 CL1),True
54179304,(2021 PH4),True
3776849,(2017 NM6),True
3252349,(2004 RZ164),True
3769398,(2017 CM32),True
2467309,467309 (1996 AW1),True
3843577,(2019 QT),True
3702914,(2014 YY8),True
2162162,162162 (1999 DB7),True
2139622,139622 (2001 QQ142),True
3645089,(2013 NF19),True
3740915,(2016 BP14),True
3557636,(2011 BT59),True
3373682,(2007 GQ3),True
2377732,377732 (2005 XJ8),True
3693266,(2014 TA36),True
2162082,162082 (1998 HL1),True
3550084,(2010 US7),True
2468005,468005 (2012 XD112),True
3440392,(2008 WK61),True
3776117,(2017 MN7),True
3789665,(2017 WK14),True
54051396,(2020 QQ5),True
3776278,(2017 MU8),True
2525229,525229 (2004 UU1),True
3774099,(2017 HX3),True
3789098,(2017 VJ1),True
2612509,612509 (2002 UK11),True
2480822,480822 (1998 YM4),True
3655751,(2013 YP139),True
3184151,(2004 MD),True
2443880,443880 (2001 UZ16),True
2517103,517103 (2013 EM20),True
2152770,152770 (1999 RR28),True
2086819,86819 (2000 GK137),True
2438908,438908 (2009 XO),True
3180182,(2004 HC39),True
2068548,68548 (2001 XR31),True
3712675,(2015 DR215),True
2177614,177614 (2004 HK33),True
2208023,208023 (1999 AQ10),True
2510529,510529 (2012 EY11),True
2310560,310560 (2001 QL142),True
3458941,(2009 HV58),True
3427741,(2008 RM98),True
2387668,387668 (2002 SZ),True
54145212,(2021 JF6),True
3633048,(2013 FX7),True
3602685,(2012 HJ1),True
3836942,(2018 YH),True
2612901,612901 (2004 XP14),True
2337075,337075 (1998 QC1),True
2518640,518640 (2008 KZ5),True
3730580,(2015 TY237),True
3789446,(2017 VO15),True
2175729,175729 (1998 BB10),True
3720846,(2015 KL157),True
3709711,(2015 BP515),True
2162998,162998 (2001 SK162),True
2177049,177049 (2003 EE16),True
2506074,506074 (2015 UM67),True
54106303,(2021 AV7),True
54166600,(2021 NW1),True
2143487,143487 (2003 CR20),True
2366774,366774 (2004 TB18),True
3773752,(2017 GK4),True
3781359,(2017 QC36),True
2525484,525484 (2005 GL),True
3797851,(2018 BZ2),True
3605576,(2012 LR1),True
2612227,612227 (2001 QC34),True
3144150,(2002 XO14),True
2440212,440212 (2004 OB),True
2437844,437844 (1999 MN),True
2027002,27002 (1998 DV9),True
3788037,(2017 UY5),True
3157022,(2003 MS2),True
2002201,2201 Oljato (1947 XC),True
2005693,5693 (1993 EA),True
54054410,(2020 RX8),True
2006037,6037 (1988 EG),True
2003362,3362 Khufu (1984 QA),True
3767249,(2017 BR31),True
3713941,(2015 EO61),True
2510055,510055 (2010 FH81),True
3407680,(2008 FW6),True
3788118,(2017 UZ7),True
3745900,(2016 EJ56),True
2446862,446862 (2001 VB76),True
3102717,(2001 YV3),True
54051300,(2020 QG3),True
54049906,(2020 PP),True
2487577,487577 (2014 YQ15),True
2441641,441641 (2008 WZ13),True
3277570,(2005 JU1),True
2612786,612786 (2004 PJ2),True
3567991,(2011 LA19),True
54135548,(2021 GM4),True
3549392,(2010 TV149),True
3764863,(2016 WW9),True
3633047,(2013 EO126),True
2524522,524522 (2002 VE68),True
2001862,1862 Apollo (1932 HA),True
3825286,(2018 LZ13),True
3591886,(2011 YV62),True
